emp_no,birth_date,first_name,last_name
10095,1965-01-03,Hilari,Morton
10122,1965-01-19,Ohad,Esposito
10291,1965-01-23,Dipayan,Seghrouchni
10410,1965-01-19,Takahito,Gecsei
10476,1965-01-01,Kokou,Iisaka
10480,1965-01-25,Make,Baba
10663,1965-01-09,Teunis,Noriega
10762,1965-01-19,Lech,Himler
10933,1965-01-24,Juyoung,Seghrouchni
11015,1965-01-24,Jeanna,Riesenhuber
11126,1965-01-08,Hideo,Daescu
11157,1965-02-01,Mario,Cochrane
11432,1965-01-15,Yongmao,Zwicker
12155,1965-01-21,Keiichiro,Glinert
12408,1965-01-10,Rasiah,Sudkamp
12643,1965-01-30,Morrie,Schurmann
13499,1965-01-16,Kazuhiko,Sidou
13957,1965-01-10,Angus,Chelton
14075,1965-01-03,Denny,Tchuente
14104,1965-01-03,Sudhanshu,Demian
14127,1965-01-10,Magdalena,Cannard
14158,1965-01-22,Caolyn,Setiz
14476,1965-01-19,Sastry,Marrevee
14551,1965-01-18,Richard,Sinitsyn
14907,1965-01-14,Nakhoon,Luga
15050,1965-01-18,Nikolaos,Kruskal
15058,1965-01-30,Bouchung,Bugrara
15376,1965-01-10,Geoff,Soicher
15413,1965-01-17,Arvin,Rabejac
16461,1965-01-14,Remmert,Schahn
16528,1965-01-21,Gaurav,Swick
17013,1965-01-15,Morris,Garigliano
17206,1965-01-02,Berry,DeMori
17369,1965-01-31,Yaghout,Kenevan
17447,1965-01-11,Zengping,Boreale
17618,1965-01-12,Teiji,Picco
17731,1965-01-16,Gennady,Roison
17799,1965-01-28,Gro,Gini
17970,1965-01-06,Filipp,Carrere
17988,1965-01-31,Mabhin,Calkin
18021,1965-01-07,Adil,Matzke
18187,1965-01-08,Denis,Falster
18424,1965-01-19,Filipp,Rousseau
18583,1965-01-03,Stafford,Honglei
18617,1965-01-21,Surveyors,Crouzet
18810,1965-01-09,Taiji,Jarecki
19236,1965-01-24,Elzbieta,Morris
19350,1965-01-19,Satoru,Yoshizawa
19803,1965-01-30,Ziva,Kowalchuk
20100,1965-01-18,Utz,Heuter
20128,1965-01-23,Kazunori,Peak
20129,1965-01-10,Rafael,Skafidas
20248,1965-01-12,Vidar,Demri
20313,1965-01-24,Candida,Benveniste
20500,1965-01-30,Christoph,Trystram
20712,1965-01-26,Valeri,Escriba
20720,1965-01-17,Heejo,Brodie
20885,1965-01-21,Otmar,Rothenberg
21181,1965-01-21,Jianhui,Cangellaris
21188,1965-01-21,Piyush,Danecki
21534,1965-01-12,Alagu,Luders
21546,1965-01-01,Yongmin,Lanteri
21843,1965-01-09,Karsten,Azadmanesh
21909,1965-01-04,Mohammed,Brizzi
22027,1965-01-27,Sangeeta,Georg
22185,1965-01-29,Huai,Birch
22415,1965-01-20,Perla,Jumpertz
22451,1965-01-27,Jasminko,Bresenham
22455,1965-01-06,Barry,Unno
22502,1965-01-29,Rutger,Binkley
22926,1965-01-01,Manibrata,Genther
23396,1965-01-02,Hilari,Fairtlough
24080,1965-01-26,Jaana,Perez
24189,1965-01-16,Abdelaziz,Atrawala
24205,1965-01-25,Roddy,Rubsam
24377,1965-01-25,Lubomir,Wroclawski
24394,1965-01-04,Zhonghui,Conta
24421,1965-01-10,Dannz,Grospietsch
24553,1965-01-12,Anwar,Passafiume
24571,1965-01-20,Cordelia,Gischer
25488,1965-01-19,Ingmar,Basawa
26476,1965-01-19,Bilhanan,Karcich
26503,1965-01-27,Shietung,Billingsley
26617,1965-01-06,Berto,Bruckman
26629,1965-01-28,Nevin,Rodham
26671,1965-01-21,Jiakeng,Kalorkoti
26788,1965-01-25,Zongyan,Dalphin
27150,1965-01-06,Chenyi,Plump
27331,1965-01-19,Wanqing,Krohm
27378,1965-01-28,Piyawadee,Leppanen
27620,1965-01-25,Shuji,Kandlur
27686,1965-01-28,Manu,Rosiles
27699,1965-01-15,Falguni,Pezzoli
27767,1965-01-27,Tooru,Veldwijk
27970,1965-01-12,KayLiang,Miyakawa
28193,1965-01-29,Xinglin,Mitsuhashi
28222,1965-01-11,Mayuko,Vitiello
28974,1965-01-09,Chenxi,Sundgren
28988,1965-01-18,Tua,Giveon
29130,1965-01-06,Xumin,Thorensen
29265,1965-01-14,Gilbert,Calkin
29380,1965-01-30,Satoru,Vidal
29418,1965-01-22,Valery,Mersereau
29679,1965-01-17,Kolar,Steenbeek
29782,1965-01-29,Jouko,Hellwagner
29954,1965-01-27,Pranay,Giarratana
30007,1965-01-24,Kousuke,Vecchio
30035,1965-01-08,Tetsushi,Conta
30154,1965-01-26,Mayuko,Skafidas
30182,1965-01-26,Leon,Potthoff
30465,1965-01-28,Randi,Avouris
30484,1965-01-11,Sailaja,Chvatal
30552,1965-01-18,Yishai,Terlouw
30695,1965-01-08,Gudjon,Majewski
30938,1965-01-06,Yakkov,Samarati
31147,1965-01-04,Divine,Sidhu
31170,1965-01-08,Tuval,Waleschkowski
31188,1965-01-12,Leandro,Gist
31207,1965-01-30,Abdelwaheb,Dulin
31341,1965-01-01,Oksana,Zultner
31514,1965-01-13,Harngdar,Schapire
31568,1965-01-10,Mark,Lalonde
31599,1965-01-05,Qingxiang,Gewali
31629,1965-01-24,Toong,Veldwijk
31909,1965-01-10,Murthy,Peek
32347,1965-01-08,Terresa,Peres
32552,1965-01-17,Atreye,Stanger
32622,1965-01-23,Piyush,Paciorek
32649,1965-01-12,Ingmar,Nannarelli
32714,1965-01-16,Radoslaw,Maliniak
32844,1965-01-23,Tadahiko,Melton
33025,1965-01-12,Jessie,Thorelli
33215,1965-01-29,Steen,Fasbender
33293,1965-02-01,Adamantios,Vanwelkenhuysen
33606,1965-01-02,Clyde,Swift
33722,1965-01-15,Anwar,Collette
34077,1965-01-08,Angel,Sichman
34261,1965-01-05,Kyoichi,Callaway
34446,1965-01-31,Chinhyun,Bauknecht
34452,1965-01-08,Naftaly,Foong
34505,1965-01-28,Felicidad,Kumaresan
34533,1965-01-10,Erzsebet,Shigei
34780,1965-01-16,Moni,Kohling
34788,1965-01-27,Ennio,Babu
34936,1965-01-12,Bokyung,Stamatiou
35044,1965-01-04,Jiang,Waschkowski
35087,1965-01-17,Leif,Ashish
35441,1965-01-31,Chandrasekaran,Peek
35642,1965-01-30,Ashish,Talmon
35793,1965-01-01,Oscar,Kusalik
35798,1965-01-29,Ulf,Oberman
36521,1965-01-21,Serif,Gladwell
36626,1965-01-02,Fen,Genin
36733,1965-01-04,Uma,Reinhard
36844,1965-01-01,Hailing,Levergood
36982,1965-01-22,Kotesh,Rajala
37070,1965-01-22,Jeong,Undy
37592,1965-02-01,Berni,Stranks
37719,1965-01-31,Nakhoon,Buescher
37945,1965-01-02,Suzette,Butterworth
38017,1965-01-24,Ulf,Himler
38043,1965-01-05,Michaela,Randi
38103,1965-01-12,Masasuke,Babu
38168,1965-01-14,Fumiko,Deverell
38550,1965-01-14,JoAnne,Baez
38593,1965-01-14,Huei,Orsini
38947,1965-01-25,Shuichi,Ruemmler
39000,1965-01-08,Martijn,Vendrig
39036,1965-01-08,Changho,Cappelli
39268,1965-01-10,Constantijn,Awdeh
39301,1965-01-07,Rimon,Kawashima
39341,1965-01-01,Mahmut,Lampe
39952,1965-01-02,Otmar,Sudbeck
40269,1965-01-10,Toshiki,Ghazalie
40283,1965-01-07,Sudhanshu,Boissier
40301,1965-01-20,Spyrose,Felder
40536,1965-01-20,Harngdar,Bernardinello
40648,1965-01-23,Wayne,Erev
40765,1965-01-01,Michaela,Ramsak
40773,1965-01-09,Shimshon,Aingworth
40785,1965-01-31,Youpyo,Castellani
40983,1965-01-17,Marla,Cherinka
41114,1965-01-25,Petter,Thummel
41137,1965-01-20,Bikash,Buchter
41357,1965-01-06,Willard,Vernadat
41518,1965-01-11,Keung,Schapiro
41520,1965-01-20,Xiong,Uhrik
41552,1965-01-03,Uno,Heyers
41609,1965-01-04,Yucai,Simmen
42778,1965-01-19,Shuji,Remmers
42911,1965-01-29,Brigham,Eterovic
42950,1965-01-22,Shaleah,Eickenmeyer
42955,1965-01-12,Yucel,Lortz
43154,1965-01-13,Maha,Waterhouse
43358,1965-01-07,Ottavia,Mitsuhashi
43733,1965-01-26,Huei,Boguraev
43848,1965-01-11,Phillip,Oxenboll
44054,1965-01-18,Alenka,Ritcey
44265,1965-01-24,Maria,Eppinger
44540,1965-01-16,Mingzeng,Sadowski
44900,1965-01-05,Mark,Schwaller
44959,1965-01-21,Volkmar,Uhrik
44962,1965-01-16,Sariel,Wynblatt
45162,1965-01-11,Dulce,Speel
45590,1965-01-21,Masoud,Genin
46000,1965-01-26,Zhaofang,Penn
46015,1965-01-19,Weiye,Masand
46222,1965-01-20,Mrinalini,Strooper
46328,1965-01-05,Wuxu,Trogemann
46531,1965-01-30,Yaghout,Peng
46811,1965-01-10,Junsik,Berendt
46834,1965-01-22,Tooru,Daescu
46943,1965-01-31,Pasqua,Maraist
47016,1965-01-03,Toong,Litecky
47139,1965-01-25,Marco,Usdin
47262,1965-01-10,Gonzalo,Binkley
47515,1965-01-26,Naraig,Jenevein
47702,1965-01-21,Juyoung,Vieri
47708,1965-01-05,Edwin,Haldar
48275,1965-01-29,Sariel,Massonet
48690,1965-01-12,Hitomi,Schaap
48882,1965-01-28,Leen,Lamparter
48904,1965-01-23,Yuichiro,Malabarba
48947,1965-01-05,Filipp,Akaboshi
49010,1965-01-16,Kazuhisa,Benantar
49017,1965-01-07,Filipp,Flanders
49119,1965-01-09,Lena,Peek
49177,1965-01-03,Tze,Bach
49464,1965-01-14,Siddarth,Cappelletti
49477,1965-01-14,Baocai,Leaver
50293,1965-01-26,Xinan,Rindone
50311,1965-01-24,Mooi,Stafford
50360,1965-01-18,Sumali,Kushner
50453,1965-01-12,Aron,Harbusch
50587,1965-01-26,Slavian,Yemenis
50670,1965-01-30,Boguslaw,Snedden
50831,1965-01-06,Marie,Khalid
51036,1965-01-29,Chriss,Fasbender
51057,1965-01-29,Theirry,Albarhamtoshy
51060,1965-01-15,Youngkon,Rohrbach
51118,1965-01-17,Fumiko,Mundy
51142,1965-01-29,Rosine,Lakshmanan
51502,1965-01-29,Slavian,Munawer
51868,1965-01-19,Remmert,Munke
52038,1965-01-13,Chikako,Armand
52040,1965-01-14,Phule,Heijenga
52283,1965-01-20,Trygve,Krupka
52386,1965-01-28,Adas,Denti
52590,1965-01-21,Jouni,Munoz
52599,1965-01-25,Augustine,Mungall
52639,1965-01-09,Arup,Colorni
52770,1965-01-31,Shugo,Yurek
52778,1965-01-15,Alain,Penn
52956,1965-01-31,Khalil,Picci
52970,1965-01-22,Lobel,Werthner
53088,1965-01-25,Mechthild,Lamma
53278,1965-01-31,Premsyl,Lortz
53314,1965-01-06,Eberhardt,Carrera
53431,1965-01-12,Sham,Vasanthakumar
53499,1965-01-20,Zdislav,Mandelberg
53597,1965-01-30,Jiafu,Marchegay
53746,1965-01-21,Manu,Erva
53874,1965-01-23,Bodo,Schade
53891,1965-01-23,Olivera,Pargaonkar
53924,1965-01-27,Arnould,Gaughan
54198,1965-01-01,Shaowen,Segond
54632,1965-01-19,Etsuo,Serot
54795,1965-01-29,Sumant,Nergos
54800,1965-01-13,Breannda,Cangellaris
55121,1965-01-12,Toshiko,Alblas
55640,1965-01-25,Adit,Syrotiuk
55670,1965-01-30,Ulf,Ranft
55687,1965-01-02,Shih,Lindqvist
55799,1965-01-23,Jianwen,Litzler
55857,1965-01-18,Adin,Scallan
56105,1965-01-11,Makato,Remmers
56209,1965-01-19,Remzi,Douceur
56415,1965-01-30,Sigeru,Nivat
56428,1965-01-27,Olivera,Hanabata
56682,1965-01-28,Roded,Picco
56829,1965-01-09,Nagui,Gruenwald
56847,1965-01-14,Menkae,Chinin
57934,1965-01-25,Sanjoy,Boudaillier
57982,1965-01-29,Paloma,Benzaken
58141,1965-01-05,Bezalel,Karner
58147,1965-01-09,Shigenori,Sullins
58217,1965-01-30,Kiyotoshi,Kusalik
58384,1965-01-22,Mariusz,Vural
58454,1965-01-25,Ziya,Zambonelli
58497,1965-01-22,Yechiam,Cairo
58601,1965-01-06,Sungwon,Asser
58819,1965-01-04,Gennady,Liesche
58990,1965-01-04,Palash,Trelles
59195,1965-01-08,Ronnie,Pollock
59329,1965-01-15,Zissis,Bazzichi
59640,1965-01-18,Zita,Hiltgen
59661,1965-01-09,Saeko,Baik
59869,1965-02-01,Zsolt,Riefers
59966,1965-01-28,Steen,Salvesen
60000,1965-01-16,Heekeun,Emmart
60091,1965-02-01,Surveyors,Bade
60238,1965-01-23,Erzsebet,Claffy
60559,1965-01-19,Jeanna,Stemann
60821,1965-01-02,Moty,Mersereau
60845,1965-01-14,Bedir,Siegrist
60875,1965-01-21,Rildo,Masaki
60959,1965-01-09,Tetsushi,Sridhar
61147,1965-01-30,Leszek,Werthner
61253,1965-01-09,Cheong,Uhrik
61377,1965-01-01,Dannz,Ohori
61541,1965-01-08,Kasidit,Papsdorf
61680,1965-01-24,Hauke,Templeman
61873,1965-01-19,Woody,Rusmann
61983,1965-01-18,Sastry,Reeken
62033,1965-01-24,Heeju,Cappelli
62046,1965-01-31,Karlis,Nanard
62167,1965-01-25,Mihalis,Haldar
62245,1965-01-01,Adel,Bressoud
62384,1965-01-02,Akeel,Litzler
63294,1965-01-23,Tetsushi,Tanemo
63419,1965-01-14,Hiroyasu,Seuren
63441,1965-01-15,Hinrich,Scallan
63444,1965-01-19,Padma,Peres
63566,1965-01-31,Heekeun,Slaats
63631,1965-01-22,Falguni,Cherinka
63706,1965-01-26,Sedat,Itzigehl
64023,1965-01-11,Laurentiu,Benzmuller
64209,1965-01-24,Golgen,Schoegge
64431,1965-01-25,Faiza,Zongker
64487,1965-01-27,Tsutomu,Rebaine
64532,1965-01-23,Atilio,Segond
64632,1965-01-07,Zsolt,Brender
64790,1965-01-29,Shin,Piveteau
64828,1965-01-27,Krister,Pappas
64984,1965-01-06,Eldridge,Eldridge
65013,1965-01-03,Chandrasekaran,Peral
65171,1965-01-25,Jeane,Tasistro
65539,1965-01-23,Aksel,Picaronny
65883,1965-01-07,Patricia,Pepe
65998,1965-01-09,Mandell,Alameldin
66382,1965-01-04,Domenico,Candan
66530,1965-01-29,Dung,Leaver
66643,1965-01-18,Jianhao,Tomescu
66702,1965-02-01,Deniz,Thibadeau
66757,1965-01-16,Yonghong,Baig
66807,1965-01-21,Aiman,Rosaz
67320,1965-01-18,Sadok,Lorys
67548,1965-01-11,Fumitaka,Roohalamini
67934,1965-01-07,Aiman,Gargeya
68022,1965-01-12,Kristinn,Pearson
68168,1965-01-14,Marl,Thiria
68263,1965-01-16,Fumiko,Bodoff
68416,1965-01-27,Munenori,Debuse
68608,1965-01-26,Yucai,Seghrouchni
68633,1965-01-28,Chinhyun,Rassart
68648,1965-01-25,Jaques,DiGiano
69052,1965-01-26,Shietung,Shrader
69219,1965-01-09,Shuky,Redmiles
69867,1965-01-22,Miyeon,Rothe
69878,1965-01-24,Chinya,Cooke
69936,1965-01-23,Lalit,Unni
70469,1965-01-12,Tru,Miyakawa
70780,1965-01-27,Behnaam,Angelov
70990,1965-01-22,Arumugam,Nitta
71066,1965-01-27,Domenick,Basart
71141,1965-01-02,Sajjad,Vitiello
71188,1965-01-02,Pranjal,Schapiro
71243,1965-01-10,Kinh,Buchter
71334,1965-01-15,Cathie,Peck
71685,1965-01-01,Kristinn,Olano
71710,1965-01-31,Hitomi,Takanami
71745,1965-01-02,Adil,Laventhal
72190,1965-01-19,Sajjad,Waeselynck
72194,1965-01-26,Feiyu,Siepmann
72232,1965-01-10,Naraig,Veldwijk
72640,1965-01-24,Honglan,Hutton
72918,1965-01-22,Takahira,Szilard
73076,1965-01-22,Froduald,Feldhoffer
73233,1965-01-15,Shigeo,Merey
73516,1965-01-14,Qingxiang,Badache
73743,1965-01-15,Anneke,Bernardeschi
73794,1965-01-26,Aiichiro,Castellani
73903,1965-01-29,Bartek,Cappello
74200,1965-01-16,Holgard,Weiland
74237,1965-01-29,Jaihie,Vilarrasa
74344,1965-02-01,Hiroyasu,Provine
74598,1965-01-07,Kolar,Garigliano
74668,1965-01-01,Masako,Bonifati
74800,1965-01-25,Yuuichi,Conde
75113,1965-01-22,Zissis,Birch
75354,1965-01-11,Shuky,Jakobus
75420,1965-01-09,Clyde,Vrecion
75703,1965-01-08,Kyoichi,Erman
75760,1965-01-21,Jahangir,Radhakrishnan
75888,1965-01-31,Marsal,Otillio
76178,1965-01-19,Chiradeep,Meriste
76189,1965-01-02,Kolar,Hinsberger
76201,1965-01-10,Arif,Preusig
76417,1965-01-31,Parviz,Duclos
76598,1965-01-24,Keung,Ferriere
76640,1965-01-02,Tristan,Mitsuhashi
76847,1965-01-20,Mariusz,Weiland
77030,1965-01-02,Faiza,Garnham
77157,1965-01-14,Tesuro,Nicolson
77303,1965-01-18,Xinglin,Birge
77647,1965-01-07,Niranjan,Schaaf
77815,1965-01-21,Ronghao,Picaronny
78086,1965-01-20,Fabrizio,Anick
78106,1965-01-09,Ashish,Ratnaker
78171,1965-01-12,Teiji,Hinsberger
78363,1965-01-03,Susumu,Fritzsche
78469,1965-01-28,Leucio,Cappelli
78871,1965-01-15,Conor,Ghandeharizadeh
79043,1965-01-24,Katsuo,Hockney
79171,1965-01-19,Guiseppe,Ellozy
79190,1965-01-18,Tsuneo,Servi
79239,1965-01-07,Denny,Griswold
79310,1965-01-24,Jeong,Cunliffe
79606,1965-01-03,Arnd,Peir
79640,1965-01-26,Marl,Litzkow
79722,1965-01-17,Make,Remmers
79763,1965-01-20,Sanjoy,Barreiro
79895,1965-01-30,Fei,Murtagh
80067,1965-01-19,Kazuhisa,Weiland
80203,1965-01-22,Shakhar,Baik
80432,1965-01-17,Stella,Figueira
80656,1965-01-09,Kwan,Gide
80731,1965-01-25,Shaowen,Eldridge
80745,1965-01-09,Rimli,Huttel
80850,1965-02-01,Koldo,Luit
80889,1965-01-07,Shigeo,Linnainmaa
80948,1965-01-27,Harjit,Bardell
81105,1965-01-14,Jaewon,Boissier
81162,1965-01-28,Marco,Klerer
81545,1965-01-13,Larisa,Kornyak
81619,1965-01-12,Gen,Aloisi
81644,1965-01-05,Divine,Ghandeharizadeh
81995,1965-01-10,Sreekrishna,Brender
82069,1965-01-20,Yechezkel,Perfilyeva
82098,1965-01-25,Poornachandra,Wilharm
82351,1965-01-26,Stevo,Thambidurai
82511,1965-01-27,Uwe,Koblick
82919,1965-01-05,Shigeu,Claffy
82928,1965-01-27,Alselm,Rikino
83280,1965-01-07,Francesca,Ellozy
83289,1965-01-09,Shigeichiro,Engelmann
83509,1965-01-04,Breannda,Collavizza
83544,1965-01-18,Leaf,Baak
83714,1965-01-27,Ohad,Kilgore
83805,1965-01-23,Manohar,Harllee
83922,1965-01-10,Shunichi,Solovay
83941,1965-01-11,Zsolt,Hagimont
84029,1965-01-27,Babette,Eugenio
84163,1965-01-11,Zejun,Roisin
84179,1965-01-25,Shuichi,Nanard
84236,1965-01-18,Eberhardt,Barriga
84256,1965-01-25,Denny,Cheshire
84315,1965-01-23,Kristina,Baumann
84451,1965-01-20,Shiv,Aumann
84494,1965-01-02,Janalee,Loncour
84508,1965-01-17,Tommaso,Vidya
84840,1965-01-14,Sverrir,Neimat
84922,1965-01-22,Parke,Unno
84942,1965-01-15,Shin,Fujisaki
85216,1965-01-18,Ferdinand,Rosiles
85288,1965-01-06,Younwoo,Luders
85414,1965-01-14,Chiradeep,Callaway
85445,1965-01-09,Yongdong,Pollock
85702,1965-01-04,Udi,Merks
85874,1965-01-30,Pasqua,Taubman
86213,1965-01-28,Kristine,Clemencon
86324,1965-01-14,Maia,Berstel
86354,1965-01-27,Ronghao,Segond
86422,1965-02-01,Jaewon,Thummel
86546,1965-01-09,Oldrich,Woycyznski
86655,1965-01-01,Zhenhua,Lorys
86672,1965-01-15,JoAnne,Anido
87129,1965-01-16,Keung,Neiman
87353,1965-01-07,Quingbo,Coombs
87458,1965-01-26,Mikhail,Gimbel
87714,1965-01-16,Khun,Janetzko
87729,1965-01-24,Yongmin,Roccetti
87783,1965-01-26,Conor,Thorensen
88103,1965-01-09,Goo,Bresenham
88357,1965-01-05,Manohar,Karcich
88411,1965-01-31,Lena,Cannane
88422,1965-01-28,Jungsoon,Birsak
88647,1965-01-10,Vasiliy,Ratnaker
88958,1965-01-22,Vojin,Coombs
88965,1965-01-20,Mang,Hedayat
89048,1965-01-24,Otmar,Birjandi
89090,1965-01-26,Tetsushi,Theuretzbacher
89161,1965-01-07,Conal,Yetto
89207,1965-01-15,Along,Erol
89346,1965-01-13,Mansur,Comyn
89487,1965-01-29,Kazuhira,Seiwald
89590,1965-01-27,Guther,Rothenberg
89664,1965-01-20,Pranjal,Rossi
89680,1965-01-27,Aiman,Mawatari
89806,1965-01-27,Xiadong,Shinomoto
89922,1965-01-26,Alexius,Ibel
89941,1965-01-23,Arnould,Weedman
90077,1965-01-24,Vivian,Guerreiro
90084,1965-01-01,Renny,Bale
90116,1965-01-11,Brigham,Luiz
90211,1965-01-15,Bader,Denis
90292,1965-01-09,Koichi,Assaf
90366,1965-01-26,Magy,Eiron
90518,1965-01-24,Fumiko,Chepyzhov
90614,1965-01-29,Yonghoan,Trogemann
90692,1965-01-03,Rajmohan,DasSarma
91172,1965-01-19,Kazuhisa,Melter
91182,1965-01-04,Lucien,Schwartzburd
91229,1965-01-01,Yahiko,Hebden
91256,1965-01-13,Gunilla,Milicic
91308,1965-01-23,Remmert,Plumb
91333,1965-01-27,Lobel,Stafford
91415,1965-01-04,Jamaludin,Nilsson
91462,1965-01-11,Siamak,Janocha
91648,1965-01-29,Dmitry,Msuda
91934,1965-01-03,Nikolaus,Swen
91973,1965-01-25,Jianwen,Jakobus
92438,1965-01-04,Aria,Kilgore
92443,1965-01-01,Girolamo,Bellmore
92454,1965-01-24,Visit,McFarlan
92577,1965-01-06,Zhanqiu,Farrow
92598,1965-01-18,Ranga,Merro
92685,1965-01-26,Mang,Atchley
92841,1965-01-22,Claude,Candan
92846,1965-01-11,Anyuan,Kropatsch
92920,1965-01-20,Huei,Hutter
93040,1965-01-19,Jaques,Kabayashi
93220,1965-01-11,Richara,Walston
93278,1965-02-01,Magdalena,Penn
93549,1965-02-01,Arie,Coullard
93600,1965-01-13,Kristina,Neimat
93794,1965-01-23,Rimli,Werthner
94045,1965-01-19,Gift,Brender
94131,1965-01-29,Bernardo,Vasanthakumar
94331,1965-01-26,Ramzi,Cronau
94416,1965-01-01,Aran,Cesareni
94442,1965-01-28,Bilhanan,Marrakchi
94690,1965-01-30,Kazuyasu,Sridhar
94761,1965-01-27,Hitofumi,Zaccaria
94787,1965-01-22,Shigenori,Stanfel
94944,1965-01-13,Heping,Matheson
95181,1965-01-28,Yishai,Cappelli
95286,1965-01-18,Kristin,Guerreiro
95314,1965-01-22,Rasiah,Koblick
95406,1965-01-08,Alair,Lyonns
95416,1965-01-13,Gianluca,Ramaiah
95509,1965-01-11,Kristinn,Loncour
95692,1965-01-20,Abdulah,Hofstetter
95920,1965-01-19,Nobuyoshi,Hegner
96100,1965-01-11,Pranay,Rebaine
96571,1965-01-13,Kokou,Garrabrants
96579,1965-01-18,Mohan,Tasistro
96767,1965-01-07,Arumugam,Vecchio
97018,1965-01-09,Jeanna,Chinen
97092,1965-01-22,Anwar,Riexinger
97623,1965-01-25,Haldon,Janetzko
97661,1965-01-31,Avishai,Hegner
97697,1965-01-10,Moie,Karunanithi
98288,1965-01-12,Sumali,Huttel
98306,1965-01-16,Ziya,Kadhim
98514,1965-01-08,Giao,Junot
98639,1965-01-29,Florina,Assaf
99057,1965-01-30,Shugo,Reeken
99373,1965-01-13,Xiaobin,Christianini
99377,1965-01-18,Carrsten,Francisci
99590,1965-01-24,Dhritiman,Anily
99654,1965-01-30,Mahendra,Motley
100865,1965-01-19,Hisao,Peral
100877,1965-01-13,Kazuhide,Harnett
100916,1965-01-18,Heejo,Aamodt
101063,1965-01-08,Nectarios,Munos
101487,1965-01-14,Abdelaziz,Sury
101647,1965-01-22,Mori,Homond
101902,1965-01-14,Mantis,Millington
102620,1965-01-03,Adin,Templeman
103166,1965-01-09,Waiman,Dalton
103172,1965-01-05,Doowon,Highland
103196,1965-01-16,Djenana,Albarhamtoshy
103310,1965-01-07,Visit,Swen
103316,1965-01-03,Susanne,Peternell
103342,1965-01-03,Beshir,Hellwagner
103756,1965-01-31,Heping,Halloran
104133,1965-01-31,Pranjal,Zyda
104845,1965-01-29,Werner,Lodder
104962,1965-01-04,Zongyan,Auyong
104988,1965-01-07,Parviz,Litzler
105191,1965-01-01,Jaber,Kleiser
105342,1965-01-01,Kwun,Reeker
105356,1965-01-29,Diederik,Matzov
105432,1965-01-08,Mohamadou,Stafford
105520,1965-01-01,Haldun,Lienhardt
105589,1965-01-28,Yechiam,Egerstedt
105731,1965-01-15,Sachem,Cromarty
105936,1965-01-23,Vidar,Thibadeau
106096,1965-01-14,Naftali,Schurmann
106242,1965-02-01,Nevio,Thisen
106514,1965-01-04,Otilia,Speek
106695,1965-01-31,Lijie,Garrabrants
106710,1965-01-31,Babette,Anandan
106958,1965-01-24,Horward,Begiun
107486,1965-01-23,Siamak,Luiz
107737,1965-01-23,Fabrizio,Chleq
107792,1965-01-13,Shahab,Crooks
107828,1965-01-26,Ramya,Walston
108091,1965-01-09,Hisao,Ghemri
108198,1965-01-24,Randi,Samarati
108316,1965-01-02,Shai,Stellhorn
108988,1965-01-19,Oksana,Baek
109062,1965-02-01,Jamaludin,Kandlur
109211,1965-01-11,Gor,Delgrande
109252,1965-01-15,Moty,Winter
109278,1965-01-21,Bangqing,Schach
109547,1965-01-04,Chenye,Zizka
109552,1965-01-31,Menkae,Etalle
109553,1965-01-19,Xiaobin,DuBourdieux
109598,1965-02-01,Stamatina,Auyong
109611,1965-01-08,Jamaludin,Lalonde
109620,1965-01-02,Mani,Cannata
109652,1965-01-25,Huan,Perko
109703,1965-01-17,Arco,Walston
109741,1965-01-11,Hatem,Fadgyas
109953,1965-01-26,Godehard,Chorvat
200052,1965-01-27,Slavian,Cincotta
200176,1965-01-31,Shahab,Luit
200267,1965-01-08,Chuanti,Luff
200312,1965-01-27,Akemi,Fujisaki
200363,1965-01-10,Kirk,Quaggetto
200735,1965-01-09,Dinah,Denos
200789,1965-01-14,Susumu,Camurati
201180,1965-01-15,Odinaldo,Bridgland
201229,1965-01-03,Alejandra,Khasidashvili
201708,1965-01-15,Anneli,Perl
201709,1965-01-01,Fan,Kakkad
201739,1965-01-16,Genta,Terekhov
201801,1965-01-12,Waiman,Genin
201915,1965-01-02,Sudharsan,DeMori
202031,1965-01-23,Annemarie,Peternell
202291,1965-01-16,Ortrun,Schmiedel
202403,1965-01-09,Gully,Perko
202414,1965-01-13,Zvonko,Murthy
202552,1965-01-05,Morris,Saoudi
202581,1965-01-19,Dharmaraja,Merlo
202826,1965-01-19,Kerhong,Matzke
202882,1965-01-25,Isaac,Koshino
202950,1965-01-17,Giordano,Pietrzykowski
203474,1965-01-03,Hugh,Jonsson
203495,1965-01-02,Zongyan,Gips
203599,1965-01-21,Ewing,DiGiano
203697,1965-01-27,Claude,Kemmerer
203720,1965-01-30,Sasan,Thimonier
203946,1965-01-23,Yefim,Marwedel
204117,1965-01-10,Jessie,Nooteboom
204133,1965-01-22,Susuma,Bergere
204246,1965-01-09,Arve,Worfolk
204425,1965-01-03,Gretta,Huttel
204470,1965-01-22,Hein,Lichtner
204471,1965-01-27,Franziska,Maginnis
204764,1965-01-22,Susanne,Mandelberg
205018,1965-01-26,Yahiko,Awdeh
205085,1965-01-23,Moni,Kornyak
205174,1965-01-05,Leszek,Spinelli
205362,1965-01-25,Masasuke,Makinen
205500,1965-01-04,Mary,Setiz
205627,1965-01-21,Stabislas,Broder
205660,1965-01-27,Kien,Barreiro
205699,1965-01-31,Youjian,Yetto
205789,1965-01-31,Limsoon,Skafidas
205863,1965-01-06,Aiichiro,Kusalik
206372,1965-01-17,Temple,Joslin
206748,1965-01-07,Yucai,Fabrizio
206836,1965-01-12,Guadalupe,Pfau
206865,1965-01-28,Vasilii,Cochrane
206966,1965-01-21,Tzu,Sichman
207021,1965-01-20,Jacqueline,Akaboshi
207068,1965-01-13,Zhiguo,Ariola
207204,1965-01-25,Kellie,Schrooten
207401,1965-01-04,Shuji,Barbanera
207551,1965-01-15,Baziley,Falck
207779,1965-01-16,Chinya,Kamble
207980,1965-01-07,Remko,Vieth
208147,1965-01-09,Manu,Rothenberg
208330,1965-01-11,Shen,Flanders
208639,1965-01-27,Larisa,Lukaszewicz
208653,1965-01-23,Phillip,Schade
208784,1965-01-30,Pranjal,Juneja
209101,1965-01-05,Xinyu,Edelhoff
209443,1965-01-19,Krassimir,Garnier
209456,1965-01-19,Adhemar,Leonhardt
209565,1965-01-09,Dante,Covnot
209681,1965-01-20,Tianruo,Bratten
209712,1965-01-17,Nimmagadda,Baak
209945,1965-01-27,Roded,Veevers
210017,1965-01-28,Shalesh,Lovengreen
210292,1965-01-18,Lihong,Zeilberger
210449,1965-01-19,Gino,Lagarias
210529,1965-01-29,Adam,Besancenot
210610,1965-01-23,Arco,Crouzet
210752,1965-01-25,Saniya,Stenning
210786,1965-01-31,Werner,Ranze
211569,1965-02-01,Zhonghua,Snyers
211858,1965-01-08,Domenico,Ratnaker
211879,1965-01-12,Gao,Ranze
211967,1965-01-07,Anwar,Bain
212074,1965-01-11,Tomokazu,Byoun
212093,1965-01-11,Leni,Henders
212131,1965-01-21,Debatosh,Rajala
212154,1965-01-17,Sailaja,Holburn
212361,1965-01-16,Claudi,Stanfel
212703,1965-01-02,Kien,Bennis
212810,1965-01-16,Qingxiang,Swan
213016,1965-01-22,Yongmao,Fontan
213140,1965-01-10,Tru,Danecki
213384,1965-01-04,Pranas,Narwekar
213447,1965-02-01,Armond,Perly
214184,1965-01-11,Sivanarayana,Ranka
214215,1965-01-25,Xiaoqiang,Cardazo
214391,1965-01-15,Rayond,Klassen
214427,1965-01-29,Peer,Molberg
214539,1965-01-27,Ingmar,Kohling
214634,1965-01-12,Shirish,Vickson
214789,1965-01-28,Arfst,Chepyzhov
214807,1965-01-13,Prasadram,Qiwen
214866,1965-02-01,Gopalakrishnan,Angel
214995,1965-01-12,Dinkar,Hoppenstand
215419,1965-01-16,Flemming,Kroha
215629,1965-01-15,Munehiro,Manders
215746,1965-01-08,Sven,Speer
215843,1965-01-30,Pramod,Loncour
216054,1965-01-24,Sahrah,Angiulli
216062,1965-01-22,Shuichi,Anick
216246,1965-01-21,Francoise,Rullman
216342,1965-01-22,Aiichiro,Cromarty
216375,1965-01-16,Byong,Gustavson
216502,1965-01-26,Xiaocheng,Suermann
216573,1965-01-29,Ashish,Vidya
216921,1965-01-22,Lena,Lenart
217026,1965-01-11,Otmar,Engberts
217080,1965-01-12,Masami,Puoti
217272,1965-01-21,Yuchang,Eldridge
217286,1965-01-05,Yannik,Spelt
217320,1965-01-10,Abdelwaheb,Denis
217363,1965-01-14,Horward,Marzano
217387,1965-01-21,Jianhao,Molenaar
217551,1965-01-02,Panayotis,Lukaszewicz
217800,1965-02-01,Shay,Servieres
218022,1965-01-26,Mokhtar,Poupard
218100,1965-01-24,Jiong,Garnham
218299,1965-01-09,Almudena,Genin
218829,1965-01-17,Eckart,Foong
218831,1965-01-16,Unal,DuBourdieux
219035,1965-01-18,Kristine,Bierman
219047,1965-01-30,Aemilian,Kusalik
219052,1965-01-06,Marsal,Acton
219417,1965-01-29,Subhrajyoti,Denna
219497,1965-01-22,Moie,Zastre
219967,1965-01-16,Susanna,Reeken
220029,1965-01-17,Demos,Asser
220131,1965-01-09,Reinhard,Slaats
220418,1965-01-23,Poorav,Laventhal
220528,1965-01-06,Sibyl,Rabehasaina
220582,1965-01-08,Poornachandra,Zielinski
220611,1965-01-23,Yuping,Babb
220625,1965-01-25,Shigenori,Deville
220699,1965-01-07,Nahid,Gyimothy
220799,1965-01-17,Perla,Orlowska
221126,1965-01-23,Tesuya,dAstous
221367,1965-01-13,Saddek,Farris
221369,1965-01-28,Abdulah,Pocchiola
221435,1965-01-06,Djenana,Marrevee
221699,1965-01-15,Szabolcs,Georgatos
221973,1965-01-17,Sangeeta,Kalefeld
222206,1965-01-21,Stein,Uludag
222311,1965-01-20,Miyeon,Billingsley
222319,1965-01-20,Matt,Chvatal
222354,1965-01-15,Valdiodio,Schlumberger
222616,1965-02-01,Badri,Schapire
222701,1965-01-24,Lein,Delaune
222770,1965-01-22,Kazuhiko,Kushner
222878,1965-01-10,Annemarie,Zallocco
222926,1965-01-10,Limsoon,Erol
222952,1965-01-28,Gopalakrishnan,Suermann
222998,1965-01-07,Leaf,Awdeh
223593,1965-01-20,Hidefumi,Moehrke
223595,1965-02-01,Chiranjit,Dredge
224135,1965-01-02,Annemarie,Bressoud
224335,1965-01-29,Perry,Chachaty
224390,1965-01-24,True,Shobatake
224934,1965-01-05,George,Miake
225438,1965-01-14,Remmert,Quaggetto
225601,1965-01-13,Masasuke,Genin
225788,1965-01-08,Ipke,Kieras
225867,1965-01-26,Ramalingam,Remmele
225964,1965-01-19,Mooi,Cooman
226216,1965-01-28,Giordano,Gini
226227,1965-01-07,Herbert,Erva
227354,1965-01-12,Gio,Murtha
227476,1965-01-11,Macha,Schnabel
227681,1965-01-30,Mikhail,Rousseau
227899,1965-01-23,Garnik,Luce
227901,1965-01-26,Francesca,Azuma
228098,1965-01-18,IEEE,Kroll
228248,1965-01-09,Yuriy,Plump
228554,1965-01-03,Bilhanan,Brendel
228575,1965-01-03,Takanari,Pelc
228766,1965-01-11,Nahla,Smailagic
229098,1965-01-08,Berry,Yurek
229207,1965-01-30,Filipe,Erol
229220,1965-01-21,Fabrizio,Lichtman
229248,1965-01-27,Harjit,Terekhov
229352,1965-01-07,Kwangho,Petereit
229364,1965-01-07,Dulce,Magliocco
229386,1965-01-03,Pohua,Tasistro
229391,1965-01-15,Paloma,Henseler
229404,1965-01-11,Gilbert,Kilgour
229547,1965-01-03,Moni,Schach
229690,1965-01-08,Mokhtar,Sherertz
229727,1965-01-23,Ewing,Millington
229981,1965-01-19,Jamaludin,Fordan
230002,1965-01-07,Tadahiro,Backhouse
230126,1965-01-31,Bezalel,Radivojevic
230287,1965-01-14,Renny,Alameldin
230354,1965-01-31,Yinghua,Lorho
230498,1965-01-15,Kolar,Puppo
230579,1965-01-17,Shahar,Negoita
230689,1965-01-14,Dietrich,Crabtree
230821,1965-01-20,Toshiki,Raney
230865,1965-01-02,Takushi,Brattka
231043,1965-01-01,Torsten,Slobodova
231069,1965-01-22,Trygve,Siksek
231459,1965-01-28,Nectarios,Pramanik
231671,1965-01-07,Chandrasekaran,Pearson
231798,1965-01-28,Goetz,Alvarado
232178,1965-01-29,Etsuo,Anandan
232209,1965-01-11,Nitsan,Rouquie
232458,1965-01-04,Nikolaus,Yetto
232496,1965-01-31,Peternela,Klerer
232697,1965-01-23,Barry,Ramsak
232723,1965-01-14,Tesuya,Bugrara
233114,1965-01-20,Alselm,Gargeya
233247,1965-01-18,Murthy,Angiulli
233394,1965-01-06,Khalid,Lenart
233397,1965-01-16,Fay,Sundgren
233426,1965-01-12,Etsuo,Usery
233533,1965-01-10,Seongbae,Sluis
233690,1965-01-17,Cedric,Riefers
233759,1965-01-14,Zissis,Lodder
233765,1965-01-20,Kotesh,Chachaty
233785,1965-01-30,Baziley,Ballarin
233818,1965-01-01,Kellie,Heydon
234195,1965-01-07,Luerbio,Terkki
234278,1965-01-20,Tzu,Impagliazzo
234739,1965-01-31,Foong,Aamodt
235017,1965-01-17,Irena,Dratva
235096,1965-01-21,Sverrir,Gyimothy
235269,1965-01-31,Keiichiro,Feldmann
235325,1965-01-06,Gro,Prochazka
235368,1965-01-09,Anneli,Joslin
235458,1965-01-05,Gio,Heuser
235546,1965-01-17,Tianruo,Speer
235729,1965-02-01,Henk,Anger
235780,1965-01-17,Sampalli,Bergere
235793,1965-01-03,Jayesh,Spinelli
236315,1965-01-31,IEEE,Raczkowsky
236559,1965-01-20,Berna,Nanard
236566,1965-01-17,Yechezkel,Maginnis
236591,1965-01-11,Insup,Reinhard
236827,1965-01-28,Almudena,Rijckaert
236883,1965-01-27,Huan,Olivero
236964,1965-01-17,Adel,Foote
237289,1965-01-24,Brendon,Fritzsche
237400,1965-01-24,Guadalupe,Perri
237590,1965-01-25,Annemarie,Irland
238112,1965-01-12,Miomir,Frezza
238252,1965-01-09,Uno,Suppi
238422,1965-01-10,Vishv,Angelov
238949,1965-01-09,Minghong,Cronin
239067,1965-01-11,Tadahiko,Pocchiola
239244,1965-01-13,Abdulla,Kitai
239415,1965-01-01,Susumu,Brender
239426,1965-01-08,Vesna,Fairtlough
239581,1965-01-18,Guangming,Marquardt
239664,1965-01-04,Sugwoo,Michaels
239706,1965-01-15,Arunas,Bugrara
239748,1965-01-23,Bilhanan,Dusink
239803,1965-01-30,Oscal,Ernst
240011,1965-01-27,Heather,Luef
240132,1965-02-01,Mizuhito,Kobara
240236,1965-01-24,True,Tischendorf
240253,1965-01-16,Shrikanth,Ramaiah
240285,1965-01-23,Kolar,Greenaway
240340,1965-01-14,Mack,Staylopatis
240438,1965-01-02,Temple,Cyre
240870,1965-01-06,Francesca,Chorvat
241100,1965-01-23,Cedric,Molenaar
241254,1965-01-15,Jagoda,Anguita
241292,1965-01-29,Uri,Lampe
241567,1965-01-18,Emran,Miara
241667,1965-01-28,Atilio,Olivero
241728,1965-01-30,Limsoon,Boudaillier
241872,1965-01-11,Bluma,Fetvedt
241917,1965-02-01,Wuxu,Poupard
241952,1965-01-20,Maya,Anandan
242019,1965-01-09,Herb,Murrill
242081,1965-01-12,Tomokazu,Pargas
242104,1965-01-05,Richara,Sudkamp
242237,1965-01-21,Hidde,Papsdorf
242314,1965-01-11,Miyeon,Burnard
242500,1965-01-08,Bingning,Iisaku
242611,1965-01-18,Frazer,Flanders
242800,1965-01-11,Kazuyasu,Levergood
242867,1965-01-04,Paddy,Nittel
243018,1965-01-02,Bowen,Deverell
243077,1965-02-01,Kazunori,Perz
243576,1965-01-04,Abdulah,Lodder
243637,1965-01-16,Marjo,Delgrange
243898,1965-01-09,Arch,Basawa
244308,1965-01-10,Mokhtar,Rebaine
244605,1965-01-22,Masoud,Suwa
244624,1965-01-31,Boaz,Seuren
244711,1965-01-25,Rosli,Butner
244714,1965-01-27,Poorav,Clouatre
244820,1965-01-15,Shigenori,Hertweck
244873,1965-01-04,Arunachalam,Oppitz
245164,1965-01-23,Filipp,Winter
245396,1965-01-31,Gift,Bottner
245664,1965-01-18,Manohar,Kilgore
246146,1965-01-30,Zhongwei,Melski
246244,1965-01-09,George,Casperson
246364,1965-01-06,Alper,Tiemann
246764,1965-01-04,Shuzo,Czaja
246798,1965-01-09,Tianruo,Strooper
246902,1965-01-27,Shih,Shanbhogue
247089,1965-01-17,Seongbae,Schahn
247122,1965-01-23,Xiaobin,Narlikar
247447,1965-01-28,Tzu,Bakhtari
247456,1965-01-16,Masako,Bahk
247612,1965-01-04,Chiranjit,Constantine
247875,1965-01-02,Xiong,Anick
247888,1965-01-15,Abdelghani,Lagarias
248094,1965-01-31,Valeska,Lupu
248256,1965-01-05,Sajjan,Falby
248351,1965-02-01,Jaana,Milicia
248758,1965-02-01,Snehasis,Muhlberg
248953,1965-01-29,Percy,Sudbeck
249239,1965-01-21,Hideyuki,Decleir
249325,1965-01-26,Ute,Pokrovskii
249433,1965-01-16,Ayonca,Matzov
249451,1965-01-06,Gopalakrishnan,Pehl
249504,1965-01-07,Dmitry,Velardi
249780,1965-01-12,Nechama,Gaughan
249799,1965-01-04,Jolita,Neimat
249866,1965-01-15,Steen,Gubsky
249969,1965-01-21,Georgi,Luiz
250411,1965-01-27,Ranga,Sommen
250452,1965-01-14,Alexius,Plavsic
250748,1965-01-27,Kish,Turnbull
251166,1965-01-22,Hinrich,Hooghiemstra
251233,1965-01-07,Yucel,Bernini
251301,1965-01-30,Pintsang,Impagliazzo
251341,1965-01-11,Divier,Kumaresan
251403,1965-01-01,Utpal,DuBourdieux
251437,1965-01-20,Shichao,Iwayama
251645,1965-01-06,Bezalel,Tsunoo
251680,1965-01-05,Moty,Sommen
251814,1965-01-01,Mitsuyuki,Zockler
252185,1965-01-01,Chaosheng,Conta
252241,1965-01-15,Zito,Alvarado
252316,1965-01-07,Gill,Niizuma
252318,1965-01-30,Keung,Simmel
252392,1965-01-01,Sanjeeva,Peron
252592,1965-01-12,Sachem,McDermid
253029,1965-01-13,Thodoros,Thimonier
253707,1965-01-05,Insup,Hainaut
253838,1965-01-28,Stafford,Terlouw
253893,1965-01-04,Huiqun,Trystram
254044,1965-01-16,Gunilla,Brendel
254399,1965-01-24,Armond,Lores
254591,1965-01-08,Mamdouh,Lodder
254787,1965-01-03,Mohan,Chepyzhov
254821,1965-01-24,Tonny,Couchot
254916,1965-01-31,Serenella,Couchot
255466,1965-01-18,Huan,Roccetti
255657,1965-01-20,Oldrich,Cyre
255779,1965-01-31,Heejo,Merle
256078,1965-01-20,Duke,Picaronny
256216,1965-01-01,Halsur,Brodal
256837,1965-01-10,Bezalel,Jording
256856,1965-01-03,Hongzue,Barbanera
256881,1965-01-03,Ioana,Jakobus
256888,1965-01-03,Heather,Pehl
257062,1965-01-24,Stabislas,Pardalos
257378,1965-01-06,Pascal,Bernatsky
257469,1965-01-22,Anyuan,Hanratty
257484,1965-01-01,Shaowei,Nicolson
257624,1965-01-16,Adhemar,Dalphin
257799,1965-01-26,Sushant,Riefers
258028,1965-01-07,Mountaz,Reinhart
258124,1965-01-17,Mariusz,Zolotykh
258363,1965-01-17,Tayeb,Veevers
258376,1965-01-05,Jaber,Falco
258470,1965-01-04,Weiwu,Butner
258643,1965-01-11,Przemyslawa,Esposito
259042,1965-01-12,Xiaoqiang,Farrow
259237,1965-01-27,Palash,Gammage
259273,1965-01-22,Xiahua,Gomatam
259611,1965-01-27,Shuichi,Marrakchi
259619,1965-01-21,Conal,Magliocco
259718,1965-01-24,Stepehn,Bouloucos
260083,1965-01-16,Kwok,Journel
260153,1965-01-28,Mingdong,Baar
260249,1965-01-22,Vugranam,Beausoleil
260361,1965-01-25,Reinhold,Rahier
260399,1965-01-30,Hatem,Birsak
260408,1965-01-19,Sasan,Brookner
260501,1965-01-14,Dzung,Pargas
260545,1965-01-29,Fei,Rebaine
261184,1965-01-30,Masako,Kornatzky
261631,1965-01-08,Jianhua,Huttel
261662,1965-01-11,Berni,Assaf
261737,1965-01-23,Mark,Lindqvist
261986,1965-01-21,Gila,Ramsak
261990,1965-01-16,Volkmar,Czaja
262154,1965-01-16,Wonhee,Vrecion
262208,1965-01-16,Mrinalini,Holburn
262210,1965-01-22,Chinho,Bottner
262328,1965-01-03,Mayuko,Vural
262439,1965-01-30,Lorien,Lagarias
262440,1965-01-07,Subbu,Kaiserswerth
262548,1965-01-05,Jixiang,Loncour
262636,1965-01-04,Tamiya,Reutenauer
262741,1965-01-19,Izaskun,Moffat
262752,1965-01-04,Pramod,Bierman
262861,1965-01-16,Kayoko,Attimonelli
262928,1965-01-01,Piyush,Gill
263012,1965-01-09,Hideo,Buchter
263186,1965-01-22,Danny,Lowrie
263325,1965-01-19,Dinkar,Sinicrope
263370,1965-01-03,Shakhar,Ranze
263439,1965-01-09,Atreye,Kabayashi
263645,1965-01-19,Mingsen,Lally
263649,1965-01-17,Mechthild,Zongker
263721,1965-01-03,Abdulah,Horswill
263926,1965-01-03,Fusako,Schwartzbauer
264001,1965-01-16,Khalil,Mapelli
264030,1965-01-15,Zdislav,Solares
264167,1965-01-25,Baoqiu,Tomescu
264322,1965-01-03,Leandro,Swist
264626,1965-01-13,Noritoshi,Bakhtari
264715,1965-01-04,Siddarth,Luke
264939,1965-01-10,Bogdan,Bahi
265039,1965-01-03,Navid,Staudhammer
265521,1965-01-04,Kensei,Salverda
265558,1965-01-31,Susuma,Kleiser
265794,1965-01-15,Miquel,Halloran
265875,1965-01-20,Fan,Marsiglia
266206,1965-02-01,Zsolt,Anily
266249,1965-01-15,Sumant,Nishimukai
266310,1965-01-23,Zvonko,Serdy
266644,1965-01-08,Anwar,Gubsky
266689,1965-01-24,Parke,Serna
266862,1965-01-10,Mart,Plumb
266881,1965-01-11,Mokhtar,Sabnani
266981,1965-01-26,Toshimi,Kragelund
267059,1965-01-09,Moie,Tempesti
267227,1965-01-10,Susuma,Tagansky
267304,1965-01-06,Jordanka,Axelband
267504,1965-01-02,Mayuri,Flowers
267667,1965-01-05,Irena,Kaiserswerth
267745,1965-01-25,Wojceich,Honglei
268043,1965-01-28,Narain,Mikschl
268191,1965-01-07,LiMin,Teitelbaum
268890,1965-01-04,Somnath,Uhrik
269186,1965-01-23,Vitali,Dayang
269568,1965-01-28,Rimli,Walston
269728,1965-01-12,Naftali,Kragelund
270084,1965-01-11,Ulises,Frolund
270716,1965-01-19,Shunichi,Baer
270792,1965-02-01,Domenico,Wendorf
270794,1965-02-01,Dannz,Zhang
270821,1965-01-21,Hatem,Bierbaum
271106,1965-01-10,Taisook,Kampfer
271118,1965-01-10,Somnath,Nitsche
271219,1965-01-16,Odoardo,Tyugu
271975,1965-01-14,Yuchang,Busillo
272141,1965-01-13,Tsutomu,Neiman
272285,1965-01-19,Gully,Mitchem
272316,1965-01-05,Surveyors,Muhling
272452,1965-01-10,Mitsuyuki,Isard
272599,1965-01-16,Holgard,Hegner
272860,1965-02-01,Minghong,Candan
273159,1965-01-26,Divine,Hofmeyr
273274,1965-01-08,Yolla,Kobara
273286,1965-01-26,Brigham,Asmuth
273396,1965-01-10,Wayne,Baba
273806,1965-01-01,Hongzhu,Beetstra
273858,1965-01-13,Gunilla,Matzen
274071,1965-01-01,Mingsen,Weiland
274271,1965-01-10,Prodip,Ritcey
274369,1965-01-29,Ranga,Waymire
274813,1965-01-10,Yefim,Pettey
275158,1965-01-07,Satyanarayana,Brandsma
275263,1965-01-21,Vojin,Laventhal
275444,1965-01-16,Limsoon,Leppanen
275495,1965-01-13,Shen,Yamaashi
275801,1965-01-22,Ayakannu,Heinisuo
275881,1965-01-08,Jiann,Munro
275994,1965-01-29,Uma,Prampolini
276027,1965-01-04,Holgard,Stavenow
276184,1965-01-10,Mari,Swick
276186,1965-01-30,Sajjad,Vecchi
276189,1965-01-10,Isaac,Klerer
276445,1965-01-27,Atilio,Randi
276472,1965-01-27,Hideyuki,Flanders
276563,1965-01-01,Gift,Solares
276868,1965-01-19,Alois,Sanella
276922,1965-01-18,Yongmin,Sidje
277316,1965-01-03,Vitali,Rothenberg
277362,1965-01-09,Uzi,Kugler
277420,1965-01-16,Rayond,Schach
277777,1965-01-27,Herbert,Itzigehl
277829,1965-01-22,Michaela,Fandrianto
277926,1965-01-13,Shaunak,Solovay
278239,1965-01-19,Boaz,Bottner
278386,1965-01-15,Caolyn,Poujol
278452,1965-01-07,Sudhanshu,Toyoshima
278484,1965-01-25,Koldo,Peternell
278536,1965-01-14,Munenori,Shobatake
278549,1965-01-02,Jaana,Werthner
278883,1965-01-22,Hidefumi,Saoudi
278953,1965-01-26,Jeanna,Ghandeharizadeh
279115,1965-01-05,Maren,DuCasse
279280,1965-01-09,Niranjan,Debuse
279384,1965-01-24,Hugo,Comte
279791,1965-01-10,Chiranjit,Lyonns
280029,1965-01-07,Vasilii,Verhaegen
280070,1965-01-24,Niteen,Ebeling
280291,1965-01-26,Lenore,Badache
280411,1965-01-18,Hironoby,Farrar
280420,1965-01-31,Jahangir,Hofting
280525,1965-01-13,Kish,Herbst
280648,1965-01-04,Heeju,Lorys
280836,1965-01-16,Ipke,Farrar
281180,1965-01-11,Phillip,Fontet
281570,1965-01-08,Zijian,Covnot
281692,1965-01-06,Khosrow,Sommen
281834,1965-01-16,Fumitake,Marchegay
281848,1965-01-29,Parke,Staylopatis
281859,1965-01-17,Masanao,Papastamatiou
282000,1965-01-06,Hideo,Ratnakar
282191,1965-01-16,Alper,Shinomoto
282333,1965-01-25,Nahla,Serdy
282343,1965-01-13,Xinglin,Haldar
282547,1965-01-18,Nahum,Codenie
282585,1965-01-03,Zijian,Lammel
282699,1965-01-28,Candida,Felcyn
282862,1965-01-30,Chenxi,Pusterhofer
282894,1965-01-05,Fay,Bellmore
283041,1965-01-04,Nathalie,Foote
283138,1965-01-19,Cullen,Mikschl
283168,1965-01-15,Sanjai,Kopetz
284045,1965-02-01,Fun,Seiwald
284300,1965-01-22,Ishfaq,Mahmud
284431,1965-01-25,Pintsang,Fujisawa
284561,1965-01-03,Duri,Beznosov
284687,1965-01-15,Oksana,Redmiles
284691,1965-01-04,Theron,Ressouche
284711,1965-01-21,Martijn,Azevdeo
284717,1965-01-11,Gal,Ranta
284856,1965-01-05,Moto,Kobara
284954,1965-01-16,Anneke,Hammerschmidt
285149,1965-01-20,Nahum,Schahn
285164,1965-01-02,Xiaocheng,Kumaresan
285318,1965-01-09,Theron,Ravishankar
285396,1965-01-27,Lena,Kohling
285905,1965-01-09,Kellyn,Bage
285906,1965-01-02,Arnould,Buescher
286026,1965-01-21,Utpal,Zaumen
286029,1965-01-28,Jaques,Nanard
286370,1965-01-06,Toshimitsu,Seuren
286452,1965-01-26,Behnaam,Bierbaum
286573,1965-01-27,Nahum,Nishimukai
286779,1965-01-24,Sigeru,Versino
286986,1965-01-01,Woody,Trelles
287323,1965-02-01,Steve,Dengi
287327,1965-01-13,Youjian,Felder
287334,1965-01-05,Elliott,Speer
287436,1965-01-02,Sasan,Deville
287482,1965-01-01,Shigeaki,Gihr
287583,1965-01-18,Jovan,Hockney
287609,1965-01-06,Sailaja,Negoita
287713,1965-01-23,Aamod,Ranka
287808,1965-01-09,Vidar,Ozeki
287822,1965-01-24,Mooi,Perfilyeva
287983,1965-01-23,Randi,Munos
287984,1965-01-09,Troy,Kobuchi
288028,1965-01-22,Kauko,Narwekar
288134,1965-01-11,IEEE,VanScheik
288142,1965-01-25,Shay,Heystek
288166,1965-01-11,Masoud,Asmuth
288560,1965-01-16,Yifei,Birjandi
288563,1965-01-02,Cristinel,Gerlach
288606,1965-01-21,Susumu,Swiss
288665,1965-01-31,Horward,Khasidashvili
288848,1965-01-31,Vivian,Hennebert
288893,1965-01-30,Bedrich,Rosenbaum
289122,1965-01-21,Nikolaus,Akaboshi
289454,1965-01-20,Bowen,Narwekar
289687,1965-01-31,Fai,Maccarone
289807,1965-01-04,Soenke,Lemarechal
289909,1965-01-09,Hilari,Vecchio
290009,1965-01-22,Zijian,Rindone
290010,1965-01-11,Fox,Lodder
290075,1965-01-15,Boalin,Byoun
290284,1965-01-08,Kwangjo,Menhardt
290441,1965-01-25,Gregory,Collavizza
290467,1965-01-29,Shaowen,Poulakidas
290478,1965-01-03,Tsvetan,Sherertz
290563,1965-01-09,Shigehiro,Oxenboll
290769,1965-01-26,Lalit,Blokdijk
291349,1965-01-19,Constantijn,Rusterholz
291352,1965-01-07,Danai,Trelles
291368,1965-01-03,Gita,Rodier
291612,1965-01-30,Siamak,Gomatam
291669,1965-01-04,Faiza,Bach
291755,1965-01-29,Ebru,Doering
291819,1965-01-13,Uriel,Georg
292110,1965-01-23,Menkae,Showalter
292146,1965-01-09,Khatoun,Pulkowski
292210,1965-01-17,Masaru,Huhdanpaa
292374,1965-01-15,Shridhar,Chvatal
292404,1965-01-28,Hongzue,Zultner
292504,1965-01-27,Georgi,Bednarek
292515,1965-01-04,Bernd,Thummel
292828,1965-01-10,Ziya,Tokunaga
292901,1965-01-02,Shuky,Journel
293080,1965-01-12,Hideyuki,Slaats
293154,1965-01-21,Syozo,Maliniak
293280,1965-01-24,Moti,Steenbeek
293329,1965-01-15,Fumiya,Griswold
293746,1965-01-25,Sanjay,Litecky
293752,1965-01-04,Jungsoon,Bail
294144,1965-01-09,Takanari,Ermel
294241,1965-01-12,Marl,Fiebach
294446,1965-01-27,Claudi,Ruemmler
294461,1965-01-14,Siddarth,Rosiles
294527,1965-01-04,Ashish,Candan
294652,1965-01-27,Hironobu,Brodie
294791,1965-01-28,Vesna,Lammel
294857,1965-01-15,Caolyn,Ozeri
294996,1965-02-01,Tomoyuki,Vigier
295030,1965-01-01,Fun,Keirsey
295236,1965-01-24,Kauko,Fujisawa
295254,1965-01-15,Xuejun,Pfau
295255,1965-01-04,Jacopo,Bellone
295262,1965-01-22,Moon,Pews
295268,1965-01-28,Eben,Calkin
295278,1965-01-04,Val,Barvinok
295411,1965-01-18,Chiranjit,Serot
295476,1965-01-19,Shawna,Chiodo
295857,1965-01-17,Kankanahalli,Ciolek
296062,1965-01-29,Shaz,Driscoll
296303,1965-01-28,Mariangiola,Heyers
296428,1965-01-03,Charmane,Simmen
296610,1965-01-25,Pranav,Berztiss
296621,1965-01-02,Bokyung,Plump
296664,1965-01-31,Dipayan,Geffroy
296687,1965-01-02,Palash,Spieker
296718,1965-01-30,Kamakshi,Bahl
296962,1965-01-28,Wilmer,Luke
297008,1965-01-20,Boutros,Awdeh
297232,1965-01-16,Lokesh,Saoudi
297243,1965-01-13,Tesuya,Mansanne
297431,1965-01-12,Cathie,Ratnakar
297474,1965-01-13,Irena,Terkki
297804,1965-01-16,Vasilis,Ginneken
297905,1965-01-12,Marc,Bahl
297954,1965-01-13,Sailaja,Fujisaki
298339,1965-01-11,King,Benzmuller
298479,1965-01-24,Kamakshi,Badache
298577,1965-01-11,Florina,Litecky
298953,1965-02-01,Zita,Syang
299346,1965-01-09,Fumitake,Sichman
299580,1965-01-21,Luisa,Itzfeldt
299718,1965-01-15,Denny,Shobatake
299737,1965-02-01,Patricio,Itzfeldt
400046,1965-01-12,Hilari,Christ
400344,1965-01-04,Yishai,Sessa
400358,1965-01-31,Angus,Jullig
400683,1965-01-28,Kamakshi,Manders
400780,1965-01-09,Poornachandra,Asser
400796,1965-01-10,Bodo,Halevi
401154,1965-01-27,Danae,Kragelund
401278,1965-01-16,Oguz,Schurmann
401333,1965-01-30,Martins,Shokrollahi
401364,1965-01-16,Pranay,Kambil
401420,1965-01-06,Florian,Uhrig
401574,1965-01-13,Yannik,Falco
402025,1965-01-20,Shigehito,Duclos
402102,1965-01-21,Kersti,Granlund
402223,1965-01-30,Fai,Breugel
402664,1965-01-04,Subhada,Janetzko
402718,1965-01-17,Jeanna,Rettelbach
402827,1965-01-28,Weidon,Pollacia
403010,1965-01-16,Toshimitsu,Sluis
403237,1965-01-01,Muneo,Gunderson
403455,1965-01-25,Marko,Velardi
403621,1965-01-07,Deborah,Kaminger
403644,1965-01-19,Krisda,Hainaut
403954,1965-01-10,Jeanna,Bratten
404018,1965-01-11,Valery,Babb
404236,1965-01-12,Zengping,Kakkar
404462,1965-01-09,Anestis,Setlzner
404573,1965-01-31,Eberhardt,Spelt
404755,1965-01-13,Manu,Junet
404788,1965-01-16,Basem,Beausoleil
404879,1965-01-12,Jeanne,Kaminger
405015,1965-01-02,Morris,Fargier
405063,1965-01-26,Yechezkel,Yurov
405372,1965-01-24,Masami,Merro
406125,1965-01-25,Georgi,Portugali
406239,1965-01-09,Marek,Tomescu
406249,1965-01-23,Naraig,Snyers
406299,1965-01-25,Kitty,Kolvik
406537,1965-01-30,Martien,Ranum
406564,1965-01-25,Parviz,Picco
406714,1965-02-01,Malu,Ossenbruggen
406847,1965-01-24,Alexius,Crouzet
407522,1965-01-25,Tommaso,Raczkowsky
407837,1965-02-01,Fei,Erez
408019,1965-01-01,Shridhar,Chleq
408114,1965-01-05,Geoffrey,Ladret
408163,1965-01-21,Irene,Sethi
408417,1965-01-19,Tsz,Daescu
408435,1965-01-18,Bikash,Vilarrasa
408437,1965-01-29,Uno,Solares
408447,1965-01-13,Mayuri,Werthner
408654,1965-01-09,Yongqiao,Cochrane
408953,1965-01-26,Jolita,Claffy
409112,1965-01-10,Sahrah,Mitchem
409391,1965-01-06,Willard,Verspoor
409712,1965-01-23,Etsuo,Andreotta
409798,1965-01-15,Dekang,Tsunoo
409805,1965-01-15,Frazer,Candan
409898,1965-02-01,Divier,Ishibashi
410028,1965-01-11,Xiadong,McClurg
410372,1965-01-08,Duri,Mitina
410433,1965-01-19,Kazuhisa,Riesenhuber
410592,1965-01-01,Tonia,Shigei
410616,1965-01-18,Gudjon,Kalorkoti
410703,1965-01-14,Kitty,Halloran
410804,1965-01-17,Ronnie,Denos
410881,1965-01-06,Koichi,Grabner
411070,1965-01-29,Otmar,Brandsma
411082,1965-01-08,Martine,Cangellaris
411143,1965-01-08,Goncalo,Barbanera
411727,1965-01-09,Weiwu,Lamma
411906,1965-02-01,Anneli,Pappas
412315,1965-01-02,Geoff,Peck
412404,1965-01-15,Mitsuyuki,Jeansoulin
412757,1965-01-03,Leen,Peak
413098,1965-01-26,Hsiangchu,Taubenfeld
413205,1965-01-09,Mototsugu,Prampolini
413554,1965-01-20,Elvia,Schwartzburd
413666,1965-01-05,Remco,Duclos
413729,1965-01-02,Harjit,Ernst
413831,1965-01-09,Mohamadou,Grabner
413832,1965-01-24,Marco,Jahnichen
414027,1965-01-31,Tadanori,Msuda
414091,1965-01-17,Wuxu,Kuhnemann
414461,1965-01-22,Somnath,Bierbaum
414543,1965-01-03,Bernd,Anick
414551,1965-01-22,Elliott,Copas
414662,1965-01-21,Ipke,Schneeberger
414714,1965-01-06,Chinho,Delgrande
414808,1965-01-05,Aris,Sambasivam
414814,1965-01-28,Dayanand,Wielonsky
414897,1965-01-17,Juyoung,Willoner
414922,1965-01-20,Prasadram,Piazza
415187,1965-01-03,Juyoung,Peltason
415234,1965-01-28,Ewing,Baak
415338,1965-01-22,Shigeo,Emmart
415363,1965-01-19,Conal,Shackell
415563,1965-01-21,Mrinalini,Bierbaum
416074,1965-01-08,Alain,Lieberherr
416383,1965-01-29,Nectarios,Itschner
416420,1965-01-22,Adamantios,Heemskerk
416455,1965-01-22,Laurentiu,Morton
416492,1965-01-15,Kannan,Meriste
416660,1965-01-28,Nathalie,Luke
416720,1965-01-14,Tokuyasu,Xiaoshan
416877,1965-01-02,Gio,Orsini
416892,1965-01-03,Shooichi,Vandervoorde
417128,1965-01-26,Valeska,Rosenbaum
417435,1965-01-03,Bouchung,Zaumen
418239,1965-01-03,Josyula,Motley
418247,1965-01-08,Oscar,Oppitz
418298,1965-01-08,Arvin,Pusterhofer
418309,1965-01-24,Danel,Petereit
418380,1965-01-02,Kazuhiko,Gornas
418566,1965-01-27,Kazuhide,Snedden
418606,1965-01-11,Michaela,Otillio
418689,1965-01-07,Gino,Uehara
418717,1965-01-20,Arunachalam,Magliocco
418860,1965-02-01,Ymte,Dalton
419099,1965-01-15,Heon,Broomell
419388,1965-01-22,Nikolaos,Bamford
419953,1965-01-29,Ung,Orlowski
420086,1965-01-27,Susuma,Kitsuregawa
420476,1965-01-28,Mariangiola,Bolsens
420557,1965-01-06,Mabhin,Eastman
420599,1965-01-02,Hidde,Riexinger
420681,1965-01-10,Atilio,Rajala
420694,1965-01-19,Frazer,Barbanera
420732,1965-01-06,Willard,Morrin
420759,1965-01-04,Raimond,Solovay
420765,1965-01-17,Shawna,Krider
420877,1965-01-29,Khosrow,Erez
420921,1965-01-30,Niranjan,Lamba
421022,1965-01-26,Shigeaki,Butner
421033,1965-01-14,Garnik,Randt
421039,1965-01-28,Aemilian,Zedlitz
421074,1965-01-07,Zhaofang,Falster
421312,1965-01-13,Mariangiola,Bashian
421384,1965-01-02,Renny,Bednarek
421755,1965-01-03,Shichao,Thiria
422146,1965-01-08,Kenton,Miara
422263,1965-01-06,Abdulah,Remmele
422450,1965-01-04,Junichi,Rubsam
422783,1965-01-18,Jagoda,Uhrig
423038,1965-01-20,Takushi,Strehl
423204,1965-01-08,Uma,Stranks
423208,1965-01-19,Joydip,Krone
423214,1965-01-31,Tsutomu,Tetzlaff
423327,1965-01-27,Constantijn,Lichtman
423350,1965-01-04,Heping,Monarch
423516,1965-01-02,Wojceich,Butterworth
423633,1965-01-30,Mariusz,Tokunaga
423993,1965-01-01,Seshu,Kolvik
424569,1965-01-14,Danco,Luff
424584,1965-02-01,Kagan,Dredge
424685,1965-01-10,Changho,Veevers
424714,1965-01-10,Nathan,Vendrig
424797,1965-01-19,Theron,Itschner
424805,1965-01-24,Jacqueline,Zallocco
424845,1965-01-01,Salvador,Peres
424930,1965-01-19,Xuejun,Reeker
424984,1965-01-11,Vasilis,Waleschkowski
425437,1965-01-03,Moni,Staudhammer
425535,1965-01-18,Alagu,Vieri
425540,1965-01-03,Paddy,Zumaque
425757,1965-01-18,Yongdong,Jiang
425780,1965-01-15,Paris,Range
425830,1965-01-30,Guther,Conia
425875,1965-01-19,Jahangir,Kroft
426153,1965-01-16,Shahaf,Luce
426168,1965-01-10,Kaijung,Mateescu
426228,1965-01-17,Supot,Badache
426235,1965-01-31,Danco,Rajala
426611,1965-01-29,Serap,Bahi
426644,1965-01-13,Zejun,Broomell
426683,1965-01-03,Xudong,Muntz
426706,1965-01-07,Karsten,Kawashima
426795,1965-01-07,Huican,Lunn
426818,1965-01-21,Gaurav,Fendler
426819,1965-01-13,Sandeepan,Kulisch
426824,1965-01-25,Gopalakrishnan,Mawatari
426958,1965-01-19,Weijing,Viele
427313,1965-01-31,Utpal,Kemmerer
427320,1965-01-13,Mamdouh,Ramamoorthy
427332,1965-01-20,Feiyu,Hemaspaandra
427571,1965-01-20,Torsten,Ranta
427659,1965-01-27,Mariusz,Ritcey
427776,1965-01-25,Jaques,Navazio
427805,1965-01-21,Haldun,Compeau
427823,1965-01-18,Jaques,Gecsei
427852,1965-01-02,Adil,Kieras
428082,1965-01-09,Ronghao,Alpin
428160,1965-01-12,Jamaludin,Kalorkoti
428195,1965-01-11,Hatsukazu,Rosca
428219,1965-01-21,Ghassan,Androutsos
428235,1965-01-17,Chenyi,Demian
428294,1965-01-13,Nimmagadda,Kusakari
428917,1965-01-23,Theron,Billawala
429040,1965-01-22,Bader,Detkin
429087,1965-01-27,Hugh,Senzako
429231,1965-01-09,Kazuyasu,Schmiedel
429238,1965-01-29,Mona,Luck
429249,1965-01-28,Alassane,Wolniewicz
429316,1965-01-08,Seshu,Hiraishi
429381,1965-01-06,Limsoon,Roohalamini
429419,1965-01-13,Adas,Chinen
429481,1965-01-09,Subhada,Emmerich
429520,1965-01-06,Yongqiao,Francisci
429532,1965-01-25,Bartek,Vendrig
429553,1965-01-12,Tadanori,Fujisawa
429569,1965-01-03,Fumiya,Chappelet
429703,1965-01-06,Ung,Honglei
429756,1965-01-06,Jiann,Hofmeyr
429899,1965-01-30,Ranan,Marsiglia
429954,1965-01-26,Renny,Gladwell
430054,1965-01-22,Erzsebet,Setiz
430558,1965-01-07,Xiong,Roisin
430593,1965-01-19,Janalee,Lanzelotte
430631,1965-01-17,Kersti,Marsiglia
430891,1965-01-06,Khalil,Gien
430981,1965-01-24,Amabile,Koyama
431353,1965-01-22,Bedir,Reeken
431576,1965-01-06,Masamitsu,Back
431657,1965-01-31,Visit,Thiran
431759,1965-02-01,Alassane,Ramsay
431882,1965-01-21,Hideo,Varman
431887,1965-01-05,Poorav,Ranst
432031,1965-01-11,Adamantios,Matzat
432034,1965-01-24,Arfst,Uehara
432089,1965-01-17,Irena,Gulla
432121,1965-01-06,Alair,Straney
432257,1965-01-20,Kwangjo,Hiltgen
432261,1965-01-30,Arve,Bergere
432399,1965-01-19,Nitsan,Nollmann
432523,1965-01-21,Takahiro,Maquelin
432665,1965-01-02,Flemming,Driscoll
432787,1965-01-16,Toshiko,Ibel
432890,1965-01-24,Nalini,Perly
432956,1965-01-25,Qunsheng,Birrer
433059,1965-01-02,Bojan,Montresor
433157,1965-01-16,Tomofumi,Serna
433260,1965-02-01,Make,Olivero
433438,1965-01-06,Keiichiro,Miyakawa
433465,1965-01-12,Wonhee,Benveniste
433640,1965-01-12,Monique,Baer
434384,1965-01-28,Greger,Babb
434845,1965-01-11,Takushi,Skogmar
434936,1965-01-15,Sahrah,Rosis
435026,1965-01-14,Shim,Versino
435042,1965-01-10,Brigham,Borstler
435060,1965-01-16,Moie,Lieblein
435181,1965-01-16,Kazuhide,Fiutem
435226,1965-01-12,Yinghua,Panwar
435289,1965-01-04,Feixiong,Schurmann
435305,1965-01-21,Berthier,Pramanik
435357,1965-01-29,Jaques,Standera
435370,1965-01-16,Conal,Basart
435588,1965-01-29,Genta,Pepe
435602,1965-01-29,Dietrich,Kranzdorf
435664,1965-01-02,Sham,Chiodo
435774,1965-01-09,Olivera,Bharadwaj
435791,1965-01-07,Hercules,Speer
436558,1965-01-08,Subir,Greibach
436797,1965-01-24,Ohad,Henders
436827,1965-01-30,Wojceich,Limongiello
436915,1965-01-13,Feixiong,Haraldson
437276,1965-01-17,Dines,DeMori
437369,1965-02-01,Kazuhide,Biran
437395,1965-01-21,Sumant,Thambidurai
437724,1965-01-17,Erez,Luft
437870,1965-01-07,Kerhong,Lorho
438038,1965-01-01,Lena,Giaccio
438158,1965-01-19,Shaw,Varman
438264,1965-01-19,Rasikan,Barreiro
438557,1965-01-30,Lidong,Swist
438723,1965-01-12,Charlene,Verspoor
439377,1965-01-28,Mari,Plessier
439905,1965-01-03,Kousuke,Levasseur
439924,1965-01-30,Gunilla,Kisuki
440325,1965-01-10,Douadi,Sullins
440435,1965-01-03,Sandeepan,Rosti
440450,1965-01-16,Tzvetan,Scharstein
440642,1965-01-14,Snehasis,Kalsbeek
440870,1965-01-01,Filipp,Hasham
440937,1965-01-18,Fabrizio,Usery
440997,1965-01-01,Manton,Schapiro
441197,1965-01-18,Miquel,Legleitner
441536,1965-01-10,Chinho,Collette
441651,1965-01-07,Aimee,Billawala
441954,1965-01-03,Leszek,Marchegay
441965,1965-01-12,Claudi,Heijenga
442002,1965-01-03,Ravishankar,Baig
442096,1965-01-15,Martijn,DiGiano
442312,1965-01-05,Zengping,Cusworth
442490,1965-01-08,Navid,Luke
442653,1965-01-04,Mona,Hebden
442700,1965-01-06,Siddarth,Masada
442704,1965-01-07,Terresa,Milicia
442898,1965-01-07,Aksel,Gire
443108,1965-01-14,Christfried,Atrawala
443339,1965-01-04,Shir,Krone
443485,1965-01-23,Marke,Klerer
443632,1965-01-10,Bernd,Conia
443841,1965-01-08,Shaw,Kading
443873,1965-01-20,Vatsa,Ramsay
444070,1965-01-15,Heping,Skrikant
444099,1965-01-28,Kousuke,Worfolk
444208,1965-01-27,Irena,Cesareni
444228,1965-01-23,Xinglin,Busillo
444465,1965-01-13,Prasadram,Bultermann
444487,1965-01-03,Udi,Rullman
444643,1965-01-18,Berna,Schonegge
445067,1965-01-28,Eldridge,Kawashima
445152,1965-01-09,Heping,Peac
445201,1965-01-22,Randi,Alblas
445226,1965-01-01,Oscar,Baumann
445456,1965-01-12,Apostol,Gruenwald
445514,1965-01-05,Tuval,Albarhamtoshy
445570,1965-01-25,Van,Nations
445723,1965-01-31,Gaurav,Roison
445941,1965-01-11,Masako,Dechter
445950,1965-01-23,Ebru,Valtorta
446121,1965-01-11,Fay,Cochrane
446306,1965-01-22,Hercules,Kabayashi
446424,1965-01-16,DAIDA,Nooteboom
446785,1965-01-30,Yuping,Papastamatiou
446897,1965-01-22,Takahiro,Dalton
446959,1965-01-29,Aram,Passino
447018,1965-01-17,Dannz,Miara
447135,1965-01-31,Gennady,Rouquie
447191,1965-01-17,Dmitri,Rousseau
447232,1965-01-22,Aleksander,Schaaf
447290,1965-01-08,Maria,Miculan
447376,1965-01-07,Kirk,Zongker
447544,1965-01-22,Stabislas,Kakkad
447599,1965-01-17,Heeju,Kemmerer
447613,1965-01-15,Paris,Restivo
447877,1965-01-13,Make,Heuser
447931,1965-01-11,Martijn,Jeong
447966,1965-01-05,Kamakshi,Hebert
447982,1965-01-25,Shiv,Baezner
447999,1965-01-05,Shiv,Vilarrasa
448165,1965-01-07,Anyuan,Schwaller
448769,1965-01-18,Mong,Dichev
448900,1965-01-16,Mart,Talmor
448918,1965-01-23,Chiradeep,Arlazarov
448994,1965-01-12,Haldun,Syang
449189,1965-01-30,Jahangir,Bernatsky
449815,1965-01-27,Fumitaka,Quittner
449966,1965-01-31,Mabry,Knightly
449984,1965-02-01,Hinrich,Perin
450184,1965-01-11,Selwyn,Henseler
450255,1965-01-31,Udo,Waymire
450309,1965-01-08,Gill,Orlowska
450371,1965-01-21,Eldridge,Pargaonkar
450421,1965-01-25,Selwyn,Munoz
450475,1965-01-21,Saeed,Bahl
450510,1965-01-25,Boalin,Tramer
450817,1965-01-10,DAIDA,Frolund
450888,1965-01-03,Sedat,Rande
450934,1965-01-23,Chanjung,Raoux
450936,1965-01-18,Yuriy,Ponthieu
451253,1965-01-15,Jaihie,Ozeri
451272,1965-01-02,Jacopo,Krohm
451275,1965-01-25,Bedrich,Isard
451333,1965-01-15,Radhika,Bonifati
452137,1965-01-15,Subir,Miake
452196,1965-01-17,Bartek,Snyers
452206,1965-01-22,Arra,Esposito
452325,1965-01-14,Taiji,Berstel
452347,1965-01-07,Shigeichiro,Brattka
452365,1965-01-05,Fei,Gadepally
452956,1965-01-17,Gou,Thombley
452957,1965-01-03,Alair,Nanard
452970,1965-01-06,Mari,Fargier
452982,1965-01-29,Lobel,Aloia
453070,1965-01-06,Aran,Rosenbaum
453154,1965-01-03,Gao,Lally
453644,1965-01-07,Berni,Takkinen
453688,1965-01-24,Chinya,Leslie
453723,1965-01-15,Arne,Kohling
453760,1965-01-13,Ewing,Rajala
453790,1965-01-11,Fai,Keirsey
453913,1965-01-23,Stein,Perng
453996,1965-01-24,Sugwoo,Weiland
454338,1965-01-24,Mohammed,Georg
454378,1965-01-06,Gina,Ossenbruggen
454736,1965-01-24,Nechama,Ermel
454791,1965-01-22,Xiaoqiu,Pietracaprina
454825,1965-01-02,Kamakshi,Schusler
454994,1965-01-01,Mohan,Picht
455113,1965-01-15,Manohar,Rothenberg
455175,1965-01-14,Soenke,Zaumen
455243,1965-01-13,Khoa,Bahk
455284,1965-01-09,Luisa,Baig
455296,1965-01-01,Mang,Sundgren
455364,1965-01-29,Ranga,Plesums
455415,1965-01-10,Weiye,Krohm
455726,1965-01-08,Qiwen,Kriebel
455814,1965-01-28,Giao,DuCasse
455914,1965-01-01,Peer,Angelopoulos
456767,1965-01-24,Tetsurou,Schreiter
456824,1965-01-13,Aloke,Neiman
456982,1965-01-07,Shounak,Dratva
457070,1965-01-25,Gay,Plavsic
457146,1965-01-20,Jinpo,Heyers
457305,1965-01-15,Sorina,Lakshmanan
457337,1965-01-31,Xumin,Beidas
457411,1965-01-13,Xudong,Peck
457489,1965-01-24,Berna,Ranst
457611,1965-01-09,Indrajit,Krogh
457653,1965-01-21,Yakichi,Naumovich
457776,1965-01-15,Florian,Siepmann
457813,1965-01-28,Foong,Gargeya
457832,1965-02-01,Jackson,Zielinski
457938,1965-01-14,Arch,Picco
458111,1965-01-23,Florian,Tramer
458134,1965-01-11,Thanasis,Standera
458191,1965-01-28,George,Atchley
458383,1965-01-06,Mabhin,Foote
458726,1965-01-13,Shahaf,Kitai
458790,1965-01-17,Ramya,Azadmanesh
458919,1965-01-12,Kaijung,Papadias
459172,1965-01-19,Val,Rissanen
459356,1965-01-21,Pramod,Wendorf
459429,1965-01-14,Mohit,Verhaegen
459685,1965-02-01,Hirochika,Goldhammer
459846,1965-01-24,Yuping,Sethi
460131,1965-01-16,Adly,Hambrick
460691,1965-01-16,Munehiko,Gihr
460707,1965-01-07,Yoshinari,Lanteri
460920,1965-01-22,Remzi,Mitzlaff
461120,1965-01-18,Shietung,Gelosh
461270,1965-01-10,Mrinalini,Mawatari
461563,1965-01-29,Sreenivas,Versino
461723,1965-01-02,Deborah,Basawa
461801,1965-01-03,Sumali,Cooman
462067,1965-01-29,Sampalli,Francisci
462493,1965-01-12,Paloma,Gerlach
462736,1965-01-14,Larisa,Murtafg
462795,1965-01-05,Somnath,Cummings
463023,1965-01-06,Itzchak,Penn
463099,1965-01-15,Jinxi,Schmiedel
463212,1965-01-09,Ramya,Rossi
463472,1965-01-11,Jaber,Sethi
463495,1965-01-28,Alenka,Barriga
464284,1965-01-20,Huiqun,Henders
464303,1965-01-22,Abdelghani,Nyrup
464526,1965-01-02,Berna,Comellas
465062,1965-01-29,Stafford,Gist
465076,1965-01-19,Tokuyasu,Ghelli
465085,1965-01-18,Vidar,Gunderson
465409,1965-01-30,Shahid,Varman
465501,1965-01-05,Mrinalini,Gire
465711,1965-01-06,Lakshmi,Frijda
465853,1965-01-01,Kwan,Kampfer
465874,1965-01-12,Herb,Picht
466064,1965-01-31,Temple,Danlos
466367,1965-01-05,Hiroyasu,Strandh
466509,1965-01-26,Bezalel,Verhoeff
466603,1965-01-23,Yechezkel,Nourani
466745,1965-01-26,Boalin,Birsak
466911,1965-01-11,Stepehn,Markovitch
467176,1965-01-05,Przemyslawa,Borovoy
467269,1965-01-18,Nahum,Lambe
467392,1965-01-07,Mariusz,Rikino
467441,1965-01-13,Margareta,Bondorf
467591,1965-01-17,Kiyotoshi,Hennebert
467886,1965-01-02,Sivanarayana,Chandrasekhar
467918,1965-01-03,Tsuneo,Skrikant
468360,1965-01-12,Huei,Saoudi
468417,1965-01-25,Kamakshi,Huhdanpaa
468659,1965-01-18,Ranga,Lemarechal
468763,1965-01-12,Sachin,Zlotek
468773,1965-01-27,Baziley,Brookner
469104,1965-01-21,Nadjib,Comellas
469253,1965-01-17,Baruch,Basawa
469269,1965-01-23,Weiyi,Codenie
469366,1965-01-12,Aiman,Wilfing
469399,1965-01-25,Hongzhu,Ruemmler
469527,1965-01-24,Halsur,Ibel
469529,1965-01-07,Neven,Rikino
469735,1965-01-30,Arif,Stranks
469805,1965-01-21,Chaosheng,Shobatake
469867,1965-01-23,Hein,Jonsson
470456,1965-01-13,Reuven,Oehlmann
470472,1965-02-01,Zhiguo,Staudhammer
471397,1965-02-01,Nigel,Zirintsis
471532,1965-01-17,Feiyu,Decleir
471552,1965-01-22,Basem,Lortz
471911,1965-01-14,Arun,Zaccaria
471939,1965-01-27,Kazuhiko,Marshall
472052,1965-01-26,Godehard,Chinal
472143,1965-01-25,Yahiko,Sommen
472238,1965-01-31,Jungsoon,Gubsky
472440,1965-01-30,Xuejia,Leppanen
472790,1965-01-23,Zhenbing,Ibel
472950,1965-01-29,Weidon,Fordan
473268,1965-01-01,Hugo,Sgarro
473299,1965-01-12,Khaled,Penn
473490,1965-01-06,Pantung,Reeker
473824,1965-01-22,Shin,Puoti
473940,1965-01-16,Avishai,Majewski
474162,1965-01-31,Ung,Taubenfeld
474257,1965-01-24,Sungwon,Kornyak
474331,1965-01-29,Sugwoo,Eugenio
474372,1965-01-13,Monique,Cyre
474763,1965-01-07,Mayuko,Clouatre
474796,1965-01-10,Zongyan,Shackel
474918,1965-01-15,Rasikan,Khalil
475087,1965-01-31,Genevieve,Snedden
475258,1965-01-10,Fumiyo,Feinberg
475538,1965-01-15,Christophe,Leaver
475938,1965-01-14,Shigeaki,Lanteri
475965,1965-01-02,Rimon,Pietracaprina
476055,1965-01-03,Girolamo,Schlumberger
476122,1965-01-04,Khun,Spieker
476327,1965-01-31,Reinhold,Binkley
476361,1965-01-09,Doohun,Preusig
476488,1965-01-30,Yuping,Kuhnemann
477350,1965-01-01,Terresa,Vigier
477352,1965-01-12,Nikolaos,Lorch
477578,1965-01-23,Marit,Paludetto
477969,1965-01-18,Bluma,Mundy
478007,1965-01-06,Fumino,Narahara
478170,1965-01-22,Doowon,Schoegge
478218,1965-01-02,Djenana,Erol
478439,1965-01-15,Yuichiro,Bale
478768,1965-01-03,Arun,Katzenelson
478799,1965-01-18,Shaw,Borovoy
478833,1965-01-30,Pradeep,Valiente
478858,1965-01-20,Hidekazu,Perna
479024,1965-01-03,Ewing,Kalorkoti
479407,1965-01-18,Randi,Tomescu
479601,1965-01-19,Kayoko,Bahi
479695,1965-01-06,Masamitsu,Murrill
480035,1965-01-26,Sukumar,Georg
480066,1965-01-31,Suebskul,Menhardt
480178,1965-01-03,Uinam,Rahier
480268,1965-01-18,Gaurav,Cheshire
480407,1965-01-01,Deniz,Bennis
480571,1965-01-09,Anoosh,Wielonsky
481050,1965-01-16,Weiru,Burnard
481148,1965-01-18,Gina,Decaestecker
481213,1965-01-08,Shigehiro,Haldar
481397,1965-01-31,Luisa,Chelton
481399,1965-01-05,Amabile,Crelier
481467,1965-01-03,Margareta,Polajnar
481764,1965-01-27,Teiji,Marrakchi
481790,1965-01-22,Haldun,Erie
481807,1965-01-23,Taegyun,Vieri
482278,1965-01-02,Sven,Hinsberger
482335,1965-01-26,Kwangyoen,Peck
482354,1965-01-23,Jayson,Zockler
482755,1965-01-03,Jouni,Conia
482756,1965-01-02,Shaowei,Back
482885,1965-01-29,Shaunak,Brizzi
482905,1965-01-16,Aral,Hebden
482944,1965-01-26,Duke,Journel
483213,1965-01-16,Phillip,Munch
483401,1965-01-10,Rosita,Pokrovskii
483675,1965-01-22,Hausi,Kamber
483825,1965-01-22,Marek,Mitchem
483838,1965-01-03,Sham,Kavanagh
483978,1965-01-24,Dung,Tanemo
484126,1965-01-05,Manton,Lueh
484142,1965-01-05,Perry,Cooman
484498,1965-01-26,Herbert,Hammerschmidt
484756,1965-01-16,Phule,Ruemmler
485253,1965-01-14,Gladys,Parhami
485489,1965-01-01,Keiichiro,Armand
485577,1965-01-30,Rafael,Menhoudj
485579,1965-01-18,Munehiro,Iwayama
485799,1965-01-27,Yoshimitsu,Litvinov
485817,1965-01-29,Mahmut,Bolotov
486068,1965-01-11,Yefim,Bernardeschi
486808,1965-01-05,Geoffrey,Siochi
486918,1965-01-18,Yagil,Remmers
486955,1965-01-09,Jaber,Feldmann
486956,1965-01-01,Matt,Ruemmler
486958,1965-01-06,Tonny,Kropf
487008,1965-01-22,Zhigen,Raney
487505,1965-01-20,Uno,Jayawardene
487856,1965-01-18,Jaewon,Mansanne
487988,1965-01-05,Ekawit,Schaft
488095,1965-01-24,Francoise,Hegner
488115,1965-01-29,Leah,Luke
488142,1965-01-05,Denis,Narlikar
488414,1965-01-10,Changho,Gaughan
488482,1965-01-30,Kensyu,Tsunoo
488540,1965-01-22,Breannda,Maquelin
488619,1965-01-25,Georgy,Bennis
488632,1965-01-20,Irena,Baalen
488693,1965-01-27,Jiong,Zultner
488707,1965-01-16,Mihalis,Remmers
488752,1965-01-23,Nimmagadda,Baja
488788,1965-01-12,Wuxu,Garigliano
488984,1965-01-18,Kendra,Junet
489465,1965-01-17,Bogdan,Pepe
489755,1965-01-14,Matk,Chorvat
489756,1965-01-01,Kersti,Miculan
489928,1965-01-28,Satoru,Janetzko
490240,1965-01-18,Kazunori,Orlowska
490551,1965-01-01,Lalit,Lindqvist
490557,1965-01-27,Luise,Vigier
490568,1965-01-01,Zita,Reistad
490720,1965-01-19,Younwoo,Samarati
491079,1965-01-06,Kwangsub,Keirsey
491162,1965-01-14,Panayotis,Hempstead
491478,1965-01-16,Gill,Varman
491494,1965-01-19,Saniya,Broomell
491596,1965-01-21,Charmane,Pargas
491632,1965-01-01,Gadiel,Perly
492000,1965-01-10,Valeska,Cools
492052,1965-01-11,Udo,Ratnakar
492217,1965-01-16,Heekeun,Verhaegen
492639,1965-01-30,Sanjoy,Porenta
492677,1965-01-26,Goetz,McAffer
493031,1965-01-23,Hironoby,Jakobus
493048,1965-01-31,Muzhong,Berztiss
493096,1965-01-31,Sachem,Msuda
493278,1965-01-28,Shaleah,Pileggi
493744,1965-01-14,Leni,Kropatsch
494019,1965-01-16,Morrie,Iisaku
494088,1965-01-10,Phule,Dahlbom
494493,1965-01-10,Masasuke,Koprowski
494978,1965-01-23,Bezalel,Himler
494995,1965-01-04,Yongmao,Pouyioutas
495969,1965-01-01,Geoffrey,Panienski
496100,1965-01-07,Pranjal,Reinhard
496970,1965-01-03,Giordano,Maquelin
496978,1965-01-30,Danco,Debuse
497007,1965-01-23,Oldrich,Adachi
497174,1965-01-02,Sanjiv,Bressoud
497340,1965-01-06,Fayez,Keohane
497391,1965-01-30,Paris,Lieblein
497409,1965-01-21,Reinhard,Erde
497660,1965-01-02,Gritta,Petereit
497835,1965-01-29,Shuho,Laurillard
498185,1965-01-19,Caolyn,Marciano
498337,1965-01-30,Naraig,Docker
498456,1965-01-17,Geraldo,Gerteisen
498635,1965-01-09,Florian,Pezzoli
498838,1965-01-16,Sanjay,Ciolek
498845,1965-01-09,Arumugam,Pelc
498955,1965-01-13,Nechama,Kandlur
499160,1965-01-12,Urs,Rande
499194,1965-01-29,Padma,Delgrange
499260,1965-01-11,Danae,Honglei
499495,1965-01-14,Baoqiu,Kakkar
